{
  "project_info": {
    "project_number": "662950616968",
    "project_id": "flashcard-8dcfa",
    "storage_bucket": "flashcard-8dcfa.firebasestorage.app"
  },
  "client": [
    {
      "client_info": {
        "mobilesdk_app_id": "1:662950616968:android:642e18de5c3b39515ae43d",
        "android_client_info": {
          "package_name": "com.example.flashcard"
        }
      },
      "oauth_client": [
        {
          "client_id": "662950616968-k4vfv55s8amhdks45q0buafnnvhte9mr.apps.googleusercontent.com",
          "client_type": 1,
          "android_info": {
            "package_name": "com.example.flashcard",
            "certificate_hash": "84f518e0d44a8393c9ca83da4ffa3df0ba22a334"
          }
        },
        {
          "client_id": "662950616968-8ppfs1g2p9facjnpicbdg0dris3lher1.apps.googleusercontent.com",
          "client_type": 3
        }
      ],
      "api_key": [
        {
          "current_key": "AIzaSyDiH4giIYet6g6a17TiLLXWkwjdKcpeeI4"
        }
      ],
      "services": {
        "appinvite_service": {
          "other_platform_oauth_client": [
            {
              "client_id": "662950616968-8ppfs1g2p9facjnpicbdg0dris3lher1.apps.googleusercontent.com",
              "client_type": 3
            }
          ]
        }
      }
    }
  ],
  "configuration_version": "1"
}